"Time","value gNb-1-C1","value gNb-3-C2","value gNb-6-C3"
1764936762000,22,21,23
1764936763000,22,21,23
1764936764000,22,21,24
1764936765000,22,21,24
1764936766000,22.5,21,24.5
1764936767000,23,21,25
1764936768000,23,21,25
1764936769000,23,21,25
1764936770000,23,21,25
1764936771000,23,21,25.5
1764936772000,23,21,26
1764936773000,23,21,26
1764936774000,23,21,26
1764936775000,23,21,26
1764936776000,23,21,26.5
1764936777000,24,21,27
1764936778000,24,21,27
1764936779000,24,21,27
1764936780000,24,21,27.5
1764936781000,24,21,28
1764936782000,24,21,28
1764936783000,24.5,21,28
1764936784000,25,21,29
1764936785000,25,21,29
1764936786000,25,21,29
1764936787000,25,21,30
1764936788000,25,21,30
1764936789000,26,21,30
1764936790000,26,21,30.5
1764936791000,26,21,31
1764936792000,26,21,31
1764936793000,26,21,32
1764936794000,26.5,21,32
1764936795000,27,21,32.5
1764936796000,27,21,33
1764936797000,27,21,33
1764936798000,27,21,34
1764936799000,27.5,21,34
1764936800000,28,21,34.5
1764936801000,28,21,35
1764936802000,28,21,35
1764936803000,28.5,21,36
1764936804000,29,21,36
1764936805000,29,21,37
1764936806000,29,21,37
1764936807000,29.5,21,38
1764936808000,30,21,38
1764936809000,30,21,39
1764936810000,30,21,39
1764936811000,30,21,40
1764936812000,31,21,40.5
1764936813000,31,21,41
1764936814000,31.5,21,41.5
1764936815000,32,21,42
1764936816000,32,21,43
1764936817000,32,21,43.5
1764936818000,33,21,44
1764936819000,33,16,45
1764936820000,33,12,45.5
1764936821000,34,8,46.5
1764936822000,34,4,46
1764936823000,34,0,47
1764936824000,35,0,47.5
1764936825000,35,0,48
1764936826000,35,0,49
1764936827000,36,0,49.5
1764936828000,36,0,50
1764936829000,36,0,51
1764936830000,37,0,52
1764936831000,37,0,53
1764936832000,37.5,0,54
1764936833000,38,0,55
1764936834000,38,0,55.5
1764936835000,38.5,0,56.5
1764936836000,39,0,57
1764936837000,39.5,0,58
1764936838000,40,0,59
1764936839000,40,0,60
1764936840000,40,0,61
1764936841000,41,0,62
1764936842000,41,0,63
1764936843000,42,0,64
1764936844000,42,0,65
1764936845000,42.5,0,66
1764936846000,43,0,67
1764936847000,43,0,68.5
1764936848000,44,0,70
1764936849000,44,0,71
1764936850000,44.5,0,72
1764936851000,45,0,73
1764936852000,45,0,74
1764936853000,46,0,75
1764936854000,46,0,75.5
1764936855000,46.5,0,76
1764936856000,47,0,77
1764936857000,47,0,77
1764936858000,47.666666666666664,0,78
1764936859000,48,0,78.5
1764936860000,48,0,79
1764936861000,48.666666666666664,0,80.5
1764936862000,48.5,2,81.5
1764936863000,48,20,82
1764936864000,48,20,83
1764936865000,49,20,83
1764936866000,49,20,84
1764936867000,49,20,85
1764936868000,50,20,85
1764936869000,50,20,85
1764936870000,50,20,86
1764936871000,50.5,20,86
1764936872000,51,20,86
1764936873000,51,20,87
1764936874000,51.5,20,87
1764936875000,52,20,87
1764936876000,52,20,88
1764936877000,52,20,88
1764936878000,53,20,89
1764936879000,53,20,89.5
1764936880000,53,20,90
1764936881000,53.5,20,91
1764936882000,54,20,91
1764936883000,54,20,91
1764936884000,54,20,91
1764936885000,54,20,91.5
1764936886000,55,20,92
1764936887000,55,20,92
1764936888000,55,20,92
1764936889000,55,20,92
1764936890000,55.5,20,92
1764936891000,56,20,92
1764936892000,56,20,93
1764936893000,56,20,93
1764936894000,56,20,93
1764936895000,56,20,93
1764936896000,56,20,93
1764936897000,57,20,93
1764936898000,57,20,93
1764936899000,57,20,93
1764936900000,57,20,93
1764936901000,57,20,93
1764936902000,57,20,93
1764936903000,57,20,93
1764936904000,57,20,94
1764936905000,57,20,94
1764936906000,57,20,94
1764936907000,57,20,94
1764936908000,57,20,94
1764936909000,57,20,94
1764936910000,57,20,94
1764936911000,57,20,94
1764936912000,57,20,94
1764936913000,57,20,94
1764936914000,57,20,93.5
1764936915000,57,20,93
1764936916000,57,20,93
1764936917000,57,20,93
1764936918000,57,20,93
1764936919000,57,20,93
1764936920000,57,20,93
1764936921000,56.5,20,93
1764936922000,56,20,93
1764936923000,56,20,93
1764936924000,56,20,93
1764936925000,56,20,93
1764936926000,56,20,92.5
1764936927000,56,20,92
1764936928000,55,20,92
1764936929000,55,20,92
1764936930000,55,20,92
1764936931000,55,20,92
1764936932000,54.5,20,92
1764936933000,54,20,91
1764936934000,54,20,91
1764936935000,54,20,91
1764936936000,54,20,91
1764936937000,53.5,20,91
1764936938000,53,20,90
1764936939000,53,20,89.5
1764936940000,52.5,20,88.5
1764936941000,52,20,88
1764936942000,52,20,88
1764936943000,52,20,87
1764936944000,51,20,87
1764936945000,51,20,87
1764936946000,51,20,86.5
1764936947000,50,20,86
1764936948000,50,20,86
1764936949000,50,20,85
1764936950000,49,20,85
1764936951000,49,20,84.5
1764936952000,49,20,84
1764936953000,48,20,84
1764936954000,48,8,83.5
1764936955000,48,0,83
1764936956000,47,0,82
1764936957000,47,0,81.5
1764936958000,46.5,0,80.5
1764936959000,46,0,80
1764936960000,46,0,79.5
1764936961000,45.5,0,79
1764936962000,45,0,78
1764936963000,45,0,77.5
1764936964000,44,0,77
1764936965000,44,0,76.5
1764936966000,44,0,76
1764936967000,43,0,75
1764936968000,43,0,74.5
1764936969000,42.5,0,74
1764936970000,42,0,72.5
1764936971000,42,0,71
1764936972000,41.5,0,70
1764936973000,41,0,69
1764936974000,40.5,0,67.5
1764936975000,40,0,67
1764936976000,40,0,65.5
1764936977000,40,0,65
1764936978000,39.5,0,63.5
1764936979000,39,0,62.5
1764936980000,38.5,0,61.5
1764936981000,38,0,60.5
1764936982000,38,0,59.5
1764936983000,37,0,58.5
1764936984000,37,0,58
1764936985000,37,0,57
1764936986000,36,0,56
1764936987000,36,0,55.5
1764936988000,36,0,54.5
1764936989000,35,0,53.5
1764936990000,35,0,52.5
1764936991000,35,0,51.5
1764936992000,34,0,51
1764936993000,34,0,50
1764936994000,34,0,49.5
1764936995000,33,0,49
1764936996000,33,0,48
1764936997000,33,0,47
1764936998000,32,0,47
1764936999000,32,0,46
1764937000000,32,0,45.5
1764937001000,31.5,0,45
1764937002000,31,0,44
1764937003000,31,0,43.5
1764937004000,31,0,43
1764937005000,30,0,42.5
1764937006000,30,0,42
1764937007000,30,0,41
1764937008000,29.5,0,40.5
1764937009000,29,0,40
1764937010000,29,0,40
1764937011000,29,0,39
1764937012000,29,0,38.5
1764937013000,28,0,38
1764937014000,28,0,37.5
1764937015000,28,0,37
1764937016000,28,0,36.5
1764937017000,27,0,36
1764937018000,27,0,35.5
1764937019000,27,0,35
1764937020000,27,0,34.5
1764937021000,27,0,34
1764937022000,26.5,0,34
1764937023000,26,0,33
1764937024000,26,0,33
1764937025000,26,0,32.5
1764937026000,26,0,32
1764937027000,25.5,0,32
1764937028000,25,0,31
1764937029000,25,0,31
1764937030000,25,0,31
1764937031000,25,0,30.5
1764937032000,25,0,30
1764937033000,24.5,0,30
1764937034000,24,0,29
1764937035000,24,0,29
1764937036000,24,0,29
1764937037000,24,0,28.5
1764937038000,24,0,28
1764937039000,24,0,28
1764937040000,24,0,28
1764937041000,23,0,27
1764937042000,23,0,27
1764937043000,23,0,27
1764937044000,23,0,27
1764937045000,23,0,26