"Time","value gNb-1-C1","value gNb-3-C2","value gNb-6-C3"
1764936762000,497,15000,486
1764936763000,518,15000,496.5
1764936764000,539,15000,507
1764936765000,561,15000,518
1764936766000,584,15000,539.5
1764936767000,607.5,15000,561.5
1764936768000,632,15000,584
1764936769000,656.5,15000,608
1764936770000,683,15000,632.5
1764936771000,710,15000,657.5
1764936772000,738,15000,683.5
1764936773000,766,15000,711
1764936774000,795.5,15000,739
1764936775000,826,15000,767.5
1764936776000,857,15000,797
1764936777000,889,15000,827
1764936778000,922,15000,858.5
1764936779000,956.5,15000,890.5
1764936780000,991.5,15000,923.5
1764936781000,1027.5,15000,958.5
1764936782000,1064.5,15000,993
1764936783000,1102.5,15000,1029.5
1764936784000,1142,15000,1066.5
1764936785000,1182,15000,1105
1764936786000,1223.5,15000,1144
1764936787000,1265.5,15000,1184.5
1764936788000,1309,15000,1226
1764936789000,1353.5,15000,1268.5
1764936790000,1399.5,15000,1312
1764936791000,1446,15000,1356.5
1764936792000,1494.5,15000,1403
1764936793000,1543.5,15000,1450
1764936794000,1593.5,15000,1497.5
1764936795000,1645,15000,1547
1764936796000,1698,15000,1598
1764936797000,1752,15000,1649
1764936798000,1807,15000,1701.5
1764936799000,1863.5,15000,1756
1764936800000,1921,15000,1811
1764936801000,1980,15000,1867.5
1764936802000,2040,15000,1925.5
1764936803000,2100.5,15000,1984
1764936804000,2164,15000,2044
1764936805000,2227.5,15000,2105.5
1764936806000,2292.5,15000,2168
1764936807000,2358.5,15000,2231
1764936808000,2426.5,15000,2296.5
1764936809000,2495,15000,2362.5
1764936810000,2565.5,15000,2430
1764936811000,2636.5,15000,2499.5
1764936812000,2709.5,15000,2569.5
1764936813000,2783,15000,2640
1764936814000,2858.5,15000,2712.5
1764936815000,2934.5,15000,2786
1764936816000,3011.5,15000,2860.5
1764936817000,3090,15000,2937
1764936818000,3170,15000,3013.5
1764936819000,3250.5,12000,3092.5
1764936820000,3331.5,9000,3172
1764936821000,3415,6000,3644.5
1764936822000,3499,3000,3334
1764936823000,3584,0,3417
1764936824000,3670,0,3501
1764936825000,3757.5,0,4190
1764936826000,3846,0,3672
1764936827000,3935.5,0,3759
1764936828000,4025.5,0,3847
1764936829000,4117.5,0,3936.5
1764936830000,4209.5,0,4026.5
1764936831000,4303,0,4117
1764936832000,4399,0,4209
1764936833000,4491.5,0,4301
1764936834000,4589.5,0,4394.5
1764936835000,4683.5,0,4488.5
1764936836000,4779.5,0,4583.5
1764936837000,4884.5,0,4679
1764936838000,4979,0,4776
1764936839000,5074.5,0,4872.5
1764936840000,5180.5,0,4970.5
1764936841000,5279.5,0,5068.5
1764936842000,5372,0,5169.5
1764936843000,5482,0,5266
1764936844000,5579.5,0,5366
1764936845000,5673,0,5467.5
1764936846000,5783.5,0,5566
1764936847000,5884,0,5666
1764936848000,5980,0,5772
1764936849000,6086.5,0,5867
1764936850000,6187.5,0,5968
1764936851000,6288.5,0,6069
1764936852000,6389.5,0,6175
1764936853000,6490,0,6273.5
1764936854000,6590,0,6374.5
1764936855000,6690.5,0,6480
1764936856000,6790,0,6575.5
1764936857000,6865,0,6675.5
1764936858000,6963.666666666667,0,6782.5
1764936859000,7086.5,0,6879
1764936860000,7160,0,6973
1764936861000,7256.666666666667,0,7076
1764936862000,7376.5,755.5,7175.5
1764936863000,7442,7585,7268
1764936864000,7513.5,7678.666666666667,7366.5
1764936865000,7631,7771,7440
1764936866000,7724,7840,7533.333333333333
1764936867000,7793,7953,7650.5
1764936868000,7884.5,8042,7745
1764936869000,7974.5,8108,7814
1764936870000,8063,8216,7902.666666666667
1764936871000,8150,8301,8016
1764936872000,8236.5,8364,8082
1764936873000,8321,8446.5,8169
1764936874000,8404.5,8528,8276
1764936875000,8486.5,8607.5,8339
1764936876000,8566.5,8685,8401.5
1764936877000,8644.5,8761,8483
1764936878000,8721.5,8835,8563
1764936879000,8796.5,8907,8641.5
1764936880000,8870,8978,8718
1764936881000,8941.5,9046,8792.5
1764936882000,9011,9112.5,8866
1764936883000,9078.5,9177,8937.5
1764936884000,9143.5,9239.5,9007
1764936885000,9206.5,9299.5,9074
1764936886000,9268,9357.5,9139
1764936887000,9327,9413,9202.5
1764936888000,9384,9466.5,9264
1764936889000,9438,9517.5,9322.5
1764936890000,9490.5,9566,9379
1764936891000,9540,9612.5,9433.5
1764936892000,9587.5,9656,9486
1764936893000,9633,9698,9535
1764936894000,9675.5,9736,9582.5
1764936895000,9715.5,9772.5,9627.5
1764936896000,9753,9806,9670.5
1764936897000,9787.5,9837,9710.5
1764936898000,9820,9865,9747
1764936899000,9849,9891,9782
1764936900000,9876.5,9913.5,9814.5
1764936901000,9900.5,9934.5,9844
1764936902000,9922,9952,9871
1764936903000,9941,9966.5,9895
1764936904000,9957.5,9978.5,9917
1764936905000,9971,9988,9935.5
1764936906000,9981.5,9994,9951.5
1764936907000,9989,9998,9965
1764936908000,9994,9999,9976
1764936909000,9996.5,9997,9983.5
1764936910000,9996.5,9992.5,9989
1764936911000,9993,9985,9991.5
1764936912000,9987,9975,9990.5
1764936913000,9978.5,9962.5,9987.5
1764936914000,9967,9946.5,9981.5
1764936915000,9953,9928.5,9973
1764936916000,9935.5,9907.5,9961
1764936917000,9916,9883.5,9947
1764936918000,9893.5,9857,9930.5
1764936919000,9868.5,9828,9910.5
1764936920000,9841,9796,9888
1764936921000,9810,9762,9863
1764936922000,9777.5,9724.5,9835.5
1764936923000,9741.5,9685.5,9805
1764936924000,9703.5,9643,9772
1764936925000,9662.5,9598.5,9736.5
1764936926000,9619,9552,9698.5
1764936927000,9573.5,9502.5,9657.5
1764936928000,9525.5,9451,9614
1764936929000,9475,9396.5,9568.5
1764936930000,9422,9340.5,9521
1764936931000,9367,9282,9470
1764936932000,9309.5,9220.5,9417.5
1764936933000,9250,9158,9362
1764936934000,9188,9093,9305
1764936935000,9124,9026,9245.5
1764936936000,9058,8957.5,9183.5
1764936937000,8990,8886,9120
1764936938000,8920,8812.5,9054
1764936939000,8848,8738,8986
1764936940000,8774,8661.5,8916.5
1764936941000,8698.5,8583.5,8844
1764936942000,8621.5,8504,8770.5
1764936943000,8543,8422.5,8695
1764936944000,8459.5,8339,8618
1764936945000,8379.5,8254.5,8539
1764936946000,8296,8169,8458.5
1764936947000,8210.5,8081.5,8376.5
1764936948000,8122,7993.5,8293
1764936949000,8036,7903.5,8207.5
1764936950000,7947.5,7812.5,8121.5
1764936951000,7850.5,7718,8034
1764936952000,7765.5,7627.5,7945
1764936953000,7668.5,7533.5,7854.5
1764936954000,7572,2987,7758.5
1764936955000,7485,0,7662.5
1764936956000,7385,0,7569.5
1764936957000,7284,0,7475
1764936958000,7194,0,7380
1764936959000,7089.5,0,7284
1764936960000,6991.5,0,7187
1764936961000,6895,0,7089.5
1764936962000,6800.5,0,6991.5
1764936963000,6693.5,0,6892.5
1764936964000,6593,0,6793.5
1764936965000,6495.5,0,6694
1764936966000,6397.5,0,6594
1764936967000,6291.5,0,6491.5
1764936968000,6193,0,6393.5
1764936969000,6092,0,6292.5
1764936970000,5988.5,0,6186.5
1764936971000,5887.5,0,6090.5
1764936972000,5789,0,5990
1764936973000,5686,0,5886.5
1764936974000,5585,0,5781
1764936975000,5485,0,5687.5
1764936976000,5385,0,5584.5
1764936977000,5285,0,5482
1764936978000,5186,0,5387
1764936979000,5087,0,5285
1764936980000,4988.5,0,5178
1764936981000,4890.5,0,5087
1764936982000,4793.5,0,4989
1764936983000,4697,0,4888.5
1764936984000,4601,0,4789
1764936985000,4506,0,4700
1764936986000,4411.5,0,4599.5
1764936987000,4318,0,4499.5
1764936988000,4225,0,4412.5
1764936989000,4133.5,0,4316.5
1764936990000,4042.5,0,4219
1764936991000,3952.5,0,4129.5
1764936992000,3863,0,4040.5
1764936993000,3774,0,3946.5
1764936994000,3687,0,3859
1764936995000,3600.5,0,3773
1764936996000,3515.5,0,3681.5
1764936997000,3431.5,0,3595.5
1764936998000,3348.5,0,3512.5
1764936999000,3266.5,0,3426.5
1764937000000,3186,0,3343.5
1764937001000,3106,0,3263.5
1764937002000,3027.5,0,3181
1764937003000,2950,0,3101.5
1764937004000,2873.5,0,3022.5
1764937005000,2798.5,0,2945.5
1764937006000,2725,0,2869.5
1764937007000,2652,0,2794.5
1764937008000,2581,0,2721
1764937009000,2510.5,0,2648
1764937010000,2441.5,0,2577.5
1764937011000,2374,0,2507.5
1764937012000,2307.5,0,2438
1764937013000,2242,0,2370.5
1764937014000,2178,0,2304
1764937015000,2115.5,0,2239
1764937016000,2054,0,2175
1764937017000,1994,0,2112.5
1764937018000,1934.5,0,2051
1764937019000,1876.5,0,1991
1764937020000,1820,0,1932
1764937021000,1764.5,0,1874
1764937022000,1710.5,0,1817.5
1764937023000,1657.5,0,1762.5
1764937024000,1606,0,1708.5
1764937025000,1555.5,0,1655
1764937026000,1505.5,0,1603.5
1764937027000,1457,0,1553.5
1764937028000,1410,0,1504
1764937029000,1364,0,1455.5
1764937030000,1319,0,1408.5
1764937031000,1275.5,0,1362.5
1764937032000,1233,0,1318
1764937033000,1192,0,1274
1764937034000,1151,0,1231.5
1764937035000,1111.5,0,1190
1764937036000,1073.5,0,1150
1764937037000,1036,0,1110.5
1764937038000,1000,0,1072
1764937039000,964.5,0,1035
1764937040000,930,0,999
1764937041000,897,0,963.5
1764937042000,864.5,0,929
1764937043000,833,0,896
1764937044000,802.5,0,863.5
1764937045000,773,0,832.5